,date,home_club,away_club,report_href
0,20190809,Liverpool,Norwich City,https://fbref.com/en/matches/928467bd/Liverpool-Norwich-City-August-9-2019-Premier-League
1,20190810,West Ham,Manchester City,https://fbref.com/en/matches/71c8a43e/West-Ham-United-Manchester-City-August-10-2019-Premier-League
2,20190810,Burnley,Southampton,https://fbref.com/en/matches/34b99058/Burnley-Southampton-August-10-2019-Premier-League
3,20190810,Watford,Brighton,https://fbref.com/en/matches/38111659/Watford-Brighton-and-Hove-Albion-August-10-2019-Premier-League
4,20190810,Crystal Palace,Everton,https://fbref.com/en/matches/a802f51e/Crystal-Palace-Everton-August-10-2019-Premier-League
5,20190810,Bournemouth,Sheffield Utd,https://fbref.com/en/matches/d402cacd/Bournemouth-Sheffield-United-August-10-2019-Premier-League
6,20190810,Tottenham,Aston Villa,https://fbref.com/en/matches/404ee5d3/Tottenham-Hotspur-Aston-Villa-August-10-2019-Premier-League
7,20190811,Newcastle Utd,Arsenal,https://fbref.com/en/matches/1405a610/Newcastle-United-Arsenal-August-11-2019-Premier-League
8,20190811,Leicester City,Wolves,https://fbref.com/en/matches/bf4afd61/Leicester-City-Wolverhampton-Wanderers-August-11-2019-Premier-League
9,20190811,Manchester Utd,Chelsea,https://fbref.com/en/matches/d0583d0d/Manchester-United-Chelsea-August-11-2019-Premier-League
10,20190817,Arsenal,Burnley,https://fbref.com/en/matches/ff7eda21/Arsenal-Burnley-August-17-2019-Premier-League
11,20190817,Norwich City,Newcastle Utd,https://fbref.com/en/matches/3ea63f4b/Norwich-City-Newcastle-United-August-17-2019-Premier-League
12,20190817,Aston Villa,Bournemouth,https://fbref.com/en/matches/7ad0ed82/Aston-Villa-Bournemouth-August-17-2019-Premier-League
13,20190817,Brighton,West Ham,https://fbref.com/en/matches/894d0ca5/Brighton-and-Hove-Albion-West-Ham-United-August-17-2019-Premier-League
14,20190817,Southampton,Liverpool,https://fbref.com/en/matches/b2a48847/Southampton-Liverpool-August-17-2019-Premier-League
15,20190817,Everton,Watford,https://fbref.com/en/matches/f35c8c3a/Everton-Watford-August-17-2019-Premier-League
16,20190817,Manchester City,Tottenham,https://fbref.com/en/matches/a4ba771e/Manchester-City-Tottenham-Hotspur-August-17-2019-Premier-League
17,20190818,Sheffield Utd,Crystal Palace,https://fbref.com/en/matches/7ca12d31/Sheffield-United-Crystal-Palace-August-18-2019-Premier-League
18,20190818,Chelsea,Leicester City,https://fbref.com/en/matches/aebf58b9/Chelsea-Leicester-City-August-18-2019-Premier-League
19,20190819,Wolves,Manchester Utd,https://fbref.com/en/matches/d8a7f871/Wolverhampton-Wanderers-Manchester-United-August-19-2019-Premier-League
20,20190823,Aston Villa,Everton,https://fbref.com/en/matches/3e805eff/Aston-Villa-Everton-August-23-2019-Premier-League
21,20190824,Norwich City,Chelsea,https://fbref.com/en/matches/4f4fd2d8/Norwich-City-Chelsea-August-24-2019-Premier-League
22,20190824,Sheffield Utd,Leicester City,https://fbref.com/en/matches/48fcf75b/Sheffield-United-Leicester-City-August-24-2019-Premier-League
23,20190824,Manchester Utd,Crystal Palace,https://fbref.com/en/matches/7c1c4078/Manchester-United-Crystal-Palace-August-24-2019-Premier-League
24,20190824,Watford,West Ham,https://fbref.com/en/matches/89fbf2a3/Watford-West-Ham-United-August-24-2019-Premier-League
25,20190824,Brighton,Southampton,https://fbref.com/en/matches/baece203/Brighton-and-Hove-Albion-Southampton-August-24-2019-Premier-League
26,20190824,Liverpool,Arsenal,https://fbref.com/en/matches/102b241e/Liverpool-Arsenal-August-24-2019-Premier-League
27,20190825,Bournemouth,Manchester City,https://fbref.com/en/matches/7728bd7e/Bournemouth-Manchester-City-August-25-2019-Premier-League
28,20190825,Wolves,Burnley,https://fbref.com/en/matches/16119ef2/Wolverhampton-Wanderers-Burnley-August-25-2019-Premier-League
29,20190825,Tottenham,Newcastle Utd,https://fbref.com/en/matches/c224d1e8/Tottenham-Hotspur-Newcastle-United-August-25-2019-Premier-League
30,20190831,Southampton,Manchester Utd,https://fbref.com/en/matches/bfd4d929/Southampton-Manchester-United-August-31-2019-Premier-League
31,20190831,West Ham,Norwich City,https://fbref.com/en/matches/164148a8/West-Ham-United-Norwich-City-August-31-2019-Premier-League
32,20190831,Crystal Palace,Aston Villa,https://fbref.com/en/matches/230f4fac/Crystal-Palace-Aston-Villa-August-31-2019-Premier-League
33,20190831,Leicester City,Bournemouth,https://fbref.com/en/matches/3d899563/Leicester-City-Bournemouth-August-31-2019-Premier-League
34,20190831,Chelsea,Sheffield Utd,https://fbref.com/en/matches/495db223/Chelsea-Sheffield-United-August-31-2019-Premier-League
35,20190831,Newcastle Utd,Watford,https://fbref.com/en/matches/533c240c/Newcastle-United-Watford-August-31-2019-Premier-League
36,20190831,Manchester City,Brighton,https://fbref.com/en/matches/5b9865ad/Manchester-City-Brighton-and-Hove-Albion-August-31-2019-Premier-League
37,20190831,Burnley,Liverpool,https://fbref.com/en/matches/af072d61/Burnley-Liverpool-August-31-2019-Premier-League
38,20190901,Everton,Wolves,https://fbref.com/en/matches/70303b7b/Everton-Wolverhampton-Wanderers-September-1-2019-Premier-League
39,20190901,Arsenal,Tottenham,https://fbref.com/en/matches/0b6b8aaf/North-London-Derby-Arsenal-Tottenham-Hotspur-September-1-2019-Premier-League
40,20190914,Liverpool,Newcastle Utd,https://fbref.com/en/matches/cde24fee/Liverpool-Newcastle-United-September-14-2019-Premier-League
41,20190914,Wolves,Chelsea,https://fbref.com/en/matches/0fa0a658/Wolverhampton-Wanderers-Chelsea-September-14-2019-Premier-League
42,20190914,Brighton,Burnley,https://fbref.com/en/matches/1d3bbc27/Brighton-and-Hove-Albion-Burnley-September-14-2019-Premier-League
43,20190914,Tottenham,Crystal Palace,https://fbref.com/en/matches/1d812c17/Tottenham-Hotspur-Crystal-Palace-September-14-2019-Premier-League
44,20190914,Manchester Utd,Leicester City,https://fbref.com/en/matches/6d0266a1/Manchester-United-Leicester-City-September-14-2019-Premier-League
45,20190914,Sheffield Utd,Southampton,https://fbref.com/en/matches/e5f9905d/Sheffield-United-Southampton-September-14-2019-Premier-League
46,20190914,Norwich City,Manchester City,https://fbref.com/en/matches/1c7bccd4/Norwich-City-Manchester-City-September-14-2019-Premier-League
47,20190915,Bournemouth,Everton,https://fbref.com/en/matches/886c59ae/Bournemouth-Everton-September-15-2019-Premier-League
48,20190915,Watford,Arsenal,https://fbref.com/en/matches/8257eda8/Watford-Arsenal-September-15-2019-Premier-League
49,20190916,Aston Villa,West Ham,https://fbref.com/en/matches/b26df467/Aston-Villa-West-Ham-United-September-16-2019-Premier-League
50,20190920,Southampton,Bournemouth,https://fbref.com/en/matches/ebbb65f5/Southampton-Bournemouth-September-20-2019-Premier-League
51,20190921,Leicester City,Tottenham,https://fbref.com/en/matches/e30adc4b/Leicester-City-Tottenham-Hotspur-September-21-2019-Premier-League
52,20190921,Manchester City,Watford,https://fbref.com/en/matches/4672d0d7/Manchester-City-Watford-September-21-2019-Premier-League
53,20190921,Everton,Sheffield Utd,https://fbref.com/en/matches/707ee0eb/Everton-Sheffield-United-September-21-2019-Premier-League
54,20190921,Burnley,Norwich City,https://fbref.com/en/matches/f97b0ce8/Burnley-Norwich-City-September-21-2019-Premier-League
55,20190921,Newcastle Utd,Brighton,https://fbref.com/en/matches/966fb8b0/Newcastle-United-Brighton-and-Hove-Albion-September-21-2019-Premier-League
56,20190922,Crystal Palace,Wolves,https://fbref.com/en/matches/d76eb681/Crystal-Palace-Wolverhampton-Wanderers-September-22-2019-Premier-League
57,20190922,West Ham,Manchester Utd,https://fbref.com/en/matches/fe3e2bec/West-Ham-United-Manchester-United-September-22-2019-Premier-League
58,20190922,Chelsea,Liverpool,https://fbref.com/en/matches/02e3ae79/Chelsea-Liverpool-September-22-2019-Premier-League
59,20190922,Arsenal,Aston Villa,https://fbref.com/en/matches/d5fa0563/Arsenal-Aston-Villa-September-22-2019-Premier-League
60,20190928,Sheffield Utd,Liverpool,https://fbref.com/en/matches/1224c8ae/Sheffield-United-Liverpool-September-28-2019-Premier-League
61,20190928,Chelsea,Brighton,https://fbref.com/en/matches/1d4b5564/Chelsea-Brighton-and-Hove-Albion-September-28-2019-Premier-League
62,20190928,Tottenham,Southampton,https://fbref.com/en/matches/23ec5db0/Tottenham-Hotspur-Southampton-September-28-2019-Premier-League
63,20190928,Aston Villa,Burnley,https://fbref.com/en/matches/37a51188/Aston-Villa-Burnley-September-28-2019-Premier-League
64,20190928,Crystal Palace,Norwich City,https://fbref.com/en/matches/3b180c0d/Crystal-Palace-Norwich-City-September-28-2019-Premier-League
65,20190928,Wolves,Watford,https://fbref.com/en/matches/4c088365/Wolverhampton-Wanderers-Watford-September-28-2019-Premier-League
66,20190928,Bournemouth,West Ham,https://fbref.com/en/matches/704e536e/Bournemouth-West-Ham-United-September-28-2019-Premier-League
67,20190928,Everton,Manchester City,https://fbref.com/en/matches/1b9f4fc3/Everton-Manchester-City-September-28-2019-Premier-League
68,20190929,Leicester City,Newcastle Utd,https://fbref.com/en/matches/40d77688/Leicester-City-Newcastle-United-September-29-2019-Premier-League
69,20190930,Manchester Utd,Arsenal,https://fbref.com/en/matches/ce7501cd/Manchester-United-Arsenal-September-30-2019-Premier-League
70,20191005,Brighton,Tottenham,https://fbref.com/en/matches/aafb2d3a/Brighton-and-Hove-Albion-Tottenham-Hotspur-October-5-2019-Premier-League
71,20191005,Watford,Sheffield Utd,https://fbref.com/en/matches/2b83068d/Watford-Sheffield-United-October-5-2019-Premier-League
72,20191005,Burnley,Everton,https://fbref.com/en/matches/2f9439d0/Burnley-Everton-October-5-2019-Premier-League
73,20191005,Liverpool,Leicester City,https://fbref.com/en/matches/aaed1c4e/Liverpool-Leicester-City-October-5-2019-Premier-League
74,20191005,Norwich City,Aston Villa,https://fbref.com/en/matches/e50b8e5b/Norwich-City-Aston-Villa-October-5-2019-Premier-League
75,20191005,West Ham,Crystal Palace,https://fbref.com/en/matches/23fe51bc/West-Ham-United-Crystal-Palace-October-5-2019-Premier-League
76,20191006,Manchester City,Wolves,https://fbref.com/en/matches/0481092b/Manchester-City-Wolverhampton-Wanderers-October-6-2019-Premier-League
77,20191006,Southampton,Chelsea,https://fbref.com/en/matches/078b24d4/Southampton-Chelsea-October-6-2019-Premier-League
78,20191006,Arsenal,Bournemouth,https://fbref.com/en/matches/9575566f/Arsenal-Bournemouth-October-6-2019-Premier-League
79,20191006,Newcastle Utd,Manchester Utd,https://fbref.com/en/matches/e4a80056/Newcastle-United-Manchester-United-October-6-2019-Premier-League
80,20191019,Everton,West Ham,https://fbref.com/en/matches/0fa45675/Everton-West-Ham-United-October-19-2019-Premier-League
81,20191019,Aston Villa,Brighton,https://fbref.com/en/matches/34685c72/Aston-Villa-Brighton-and-Hove-Albion-October-19-2019-Premier-League
82,20191019,Leicester City,Burnley,https://fbref.com/en/matches/3529c097/Leicester-City-Burnley-October-19-2019-Premier-League
83,20191019,Tottenham,Watford,https://fbref.com/en/matches/4df24be7/Tottenham-Hotspur-Watford-October-19-2019-Premier-League
84,20191019,Wolves,Southampton,https://fbref.com/en/matches/644a3723/Wolverhampton-Wanderers-Southampton-October-19-2019-Premier-League
85,20191019,Chelsea,Newcastle Utd,https://fbref.com/en/matches/c17538b0/Chelsea-Newcastle-United-October-19-2019-Premier-League
86,20191019,Bournemouth,Norwich City,https://fbref.com/en/matches/d71c01eb/Bournemouth-Norwich-City-October-19-2019-Premier-League
87,20191019,Crystal Palace,Manchester City,https://fbref.com/en/matches/f334b1dc/Crystal-Palace-Manchester-City-October-19-2019-Premier-League
88,20191020,Manchester Utd,Liverpool,https://fbref.com/en/matches/95c3f0c8/North-West-Derby-Manchester-United-Liverpool-October-20-2019-Premier-League
89,20191021,Sheffield Utd,Arsenal,https://fbref.com/en/matches/f63044fd/Sheffield-United-Arsenal-October-21-2019-Premier-League
90,20191025,Southampton,Leicester City,https://fbref.com/en/matches/3e9712d7/Southampton-Leicester-City-October-25-2019-Premier-League
91,20191026,Manchester City,Aston Villa,https://fbref.com/en/matches/e0a4db2d/Manchester-City-Aston-Villa-October-26-2019-Premier-League
92,20191026,Watford,Bournemouth,https://fbref.com/en/matches/1ef8e186/Watford-Bournemouth-October-26-2019-Premier-League
93,20191026,West Ham,Sheffield Utd,https://fbref.com/en/matches/43aa7711/West-Ham-United-Sheffield-United-October-26-2019-Premier-League
94,20191026,Brighton,Everton,https://fbref.com/en/matches/f728ceea/Brighton-and-Hove-Albion-Everton-October-26-2019-Premier-League
95,20191026,Burnley,Chelsea,https://fbref.com/en/matches/082dc9ef/Burnley-Chelsea-October-26-2019-Premier-League
96,20191027,Newcastle Utd,Wolves,https://fbref.com/en/matches/efe2b576/Newcastle-United-Wolverhampton-Wanderers-October-27-2019-Premier-League
97,20191027,Arsenal,Crystal Palace,https://fbref.com/en/matches/077b30ff/Arsenal-Crystal-Palace-October-27-2019-Premier-League
98,20191027,Liverpool,Tottenham,https://fbref.com/en/matches/16f28685/Liverpool-Tottenham-Hotspur-October-27-2019-Premier-League
99,20191027,Norwich City,Manchester Utd,https://fbref.com/en/matches/a31a1d67/Norwich-City-Manchester-United-October-27-2019-Premier-League
100,20191102,Bournemouth,Manchester Utd,https://fbref.com/en/matches/9e35d172/Bournemouth-Manchester-United-November-2-2019-Premier-League
101,20191102,Sheffield Utd,Burnley,https://fbref.com/en/matches/21606115/Sheffield-United-Burnley-November-2-2019-Premier-League
102,20191102,Brighton,Norwich City,https://fbref.com/en/matches/21f39009/Brighton-and-Hove-Albion-Norwich-City-November-2-2019-Premier-League
103,20191102,Aston Villa,Liverpool,https://fbref.com/en/matches/2206646c/Aston-Villa-Liverpool-November-2-2019-Premier-League
104,20191102,Arsenal,Wolves,https://fbref.com/en/matches/a3427b2c/Arsenal-Wolverhampton-Wanderers-November-2-2019-Premier-League
105,20191102,West Ham,Newcastle Utd,https://fbref.com/en/matches/ac4523c2/West-Ham-United-Newcastle-United-November-2-2019-Premier-League
106,20191102,Manchester City,Southampton,https://fbref.com/en/matches/afbdd3aa/Manchester-City-Southampton-November-2-2019-Premier-League
107,20191102,Watford,Chelsea,https://fbref.com/en/matches/0b8b7f66/Watford-Chelsea-November-2-2019-Premier-League
108,20191103,Crystal Palace,Leicester City,https://fbref.com/en/matches/25d28387/Crystal-Palace-Leicester-City-November-3-2019-Premier-League
109,20191103,Everton,Tottenham,https://fbref.com/en/matches/efe9c8f4/Everton-Tottenham-Hotspur-November-3-2019-Premier-League
110,20191108,Norwich City,Watford,https://fbref.com/en/matches/e92f4d2c/Norwich-City-Watford-November-8-2019-Premier-League
111,20191109,Chelsea,Crystal Palace,https://fbref.com/en/matches/99680077/Chelsea-Crystal-Palace-November-9-2019-Premier-League
112,20191109,Southampton,Everton,https://fbref.com/en/matches/553c5b11/Southampton-Everton-November-9-2019-Premier-League
113,20191109,Burnley,West Ham,https://fbref.com/en/matches/559f666e/Burnley-West-Ham-United-November-9-2019-Premier-League
114,20191109,Newcastle Utd,Bournemouth,https://fbref.com/en/matches/698f846d/Newcastle-United-Bournemouth-November-9-2019-Premier-League
115,20191109,Tottenham,Sheffield Utd,https://fbref.com/en/matches/ec70bb2c/Tottenham-Hotspur-Sheffield-United-November-9-2019-Premier-League
116,20191109,Leicester City,Arsenal,https://fbref.com/en/matches/8e13e609/Leicester-City-Arsenal-November-9-2019-Premier-League
117,20191110,Manchester Utd,Brighton,https://fbref.com/en/matches/014bbabe/Manchester-United-Brighton-and-Hove-Albion-November-10-2019-Premier-League
118,20191110,Wolves,Aston Villa,https://fbref.com/en/matches/2794f89d/Wolverhampton-Wanderers-Aston-Villa-November-10-2019-Premier-League
119,20191110,Liverpool,Manchester City,https://fbref.com/en/matches/47880eb7/Liverpool-Manchester-City-November-10-2019-Premier-League
120,20191123,West Ham,Tottenham,https://fbref.com/en/matches/a7dc884b/West-Ham-United-Tottenham-Hotspur-November-23-2019-Premier-League
121,20191123,Crystal Palace,Liverpool,https://fbref.com/en/matches/0b1da656/Crystal-Palace-Liverpool-November-23-2019-Premier-League
122,20191123,Arsenal,Southampton,https://fbref.com/en/matches/19a8b14e/Arsenal-Southampton-November-23-2019-Premier-League
123,20191123,Bournemouth,Wolves,https://fbref.com/en/matches/219643bc/Bournemouth-Wolverhampton-Wanderers-November-23-2019-Premier-League
124,20191123,Everton,Norwich City,https://fbref.com/en/matches/464461f5/Everton-Norwich-City-November-23-2019-Premier-League
125,20191123,Brighton,Leicester City,https://fbref.com/en/matches/d0f6bac9/Brighton-and-Hove-Albion-Leicester-City-November-23-2019-Premier-League
126,20191123,Watford,Burnley,https://fbref.com/en/matches/d4aea4c0/Watford-Burnley-November-23-2019-Premier-League
127,20191123,Manchester City,Chelsea,https://fbref.com/en/matches/d16305c7/Manchester-City-Chelsea-November-23-2019-Premier-League
128,20191124,Sheffield Utd,Manchester Utd,https://fbref.com/en/matches/a1d9d65f/Sheffield-United-Manchester-United-November-24-2019-Premier-League
129,20191125,Aston Villa,Newcastle Utd,https://fbref.com/en/matches/f6f8808e/Aston-Villa-Newcastle-United-November-25-2019-Premier-League
130,20191130,Newcastle Utd,Manchester City,https://fbref.com/en/matches/f43fa290/Newcastle-United-Manchester-City-November-30-2019-Premier-League
131,20191130,Tottenham,Bournemouth,https://fbref.com/en/matches/1722ba52/Tottenham-Hotspur-Bournemouth-November-30-2019-Premier-League
132,20191130,Liverpool,Brighton,https://fbref.com/en/matches/2c240ae6/Liverpool-Brighton-and-Hove-Albion-November-30-2019-Premier-League
133,20191130,Burnley,Crystal Palace,https://fbref.com/en/matches/86428aca/Burnley-Crystal-Palace-November-30-2019-Premier-League
134,20191130,Chelsea,West Ham,https://fbref.com/en/matches/aa1ff9cd/Chelsea-West-Ham-United-November-30-2019-Premier-League
135,20191130,Southampton,Watford,https://fbref.com/en/matches/3f1fdbad/Southampton-Watford-November-30-2019-Premier-League
136,20191201,Norwich City,Arsenal,https://fbref.com/en/matches/39fce32e/Norwich-City-Arsenal-December-1-2019-Premier-League
137,20191201,Wolves,Sheffield Utd,https://fbref.com/en/matches/53a77072/Wolverhampton-Wanderers-Sheffield-United-December-1-2019-Premier-League
138,20191201,Leicester City,Everton,https://fbref.com/en/matches/aa2284c2/Leicester-City-Everton-December-1-2019-Premier-League
139,20191201,Manchester Utd,Aston Villa,https://fbref.com/en/matches/e88d9028/Manchester-United-Aston-Villa-December-1-2019-Premier-League
140,20191203,Crystal Palace,Bournemouth,https://fbref.com/en/matches/fd541a1f/Crystal-Palace-Bournemouth-December-3-2019-Premier-League
141,20191203,Burnley,Manchester City,https://fbref.com/en/matches/4d718594/Burnley-Manchester-City-December-3-2019-Premier-League
142,20191204,Wolves,West Ham,https://fbref.com/en/matches/292d0f46/Wolverhampton-Wanderers-West-Ham-United-December-4-2019-Premier-League
143,20191204,Southampton,Norwich City,https://fbref.com/en/matches/367829b6/Southampton-Norwich-City-December-4-2019-Premier-League
144,20191204,Chelsea,Aston Villa,https://fbref.com/en/matches/3f316110/Chelsea-Aston-Villa-December-4-2019-Premier-League
145,20191204,Manchester Utd,Tottenham,https://fbref.com/en/matches/614c7c1f/Manchester-United-Tottenham-Hotspur-December-4-2019-Premier-League
146,20191204,Leicester City,Watford,https://fbref.com/en/matches/8b04b0d5/Leicester-City-Watford-December-4-2019-Premier-League
147,20191204,Liverpool,Everton,https://fbref.com/en/matches/de0ec650/Merseyside-Derby-Liverpool-Everton-December-4-2019-Premier-League
148,20191205,Sheffield Utd,Newcastle Utd,https://fbref.com/en/matches/8a9fa2d9/Sheffield-United-Newcastle-United-December-5-2019-Premier-League
149,20191205,Arsenal,Brighton,https://fbref.com/en/matches/372828cb/Arsenal-Brighton-and-Hove-Albion-December-5-2019-Premier-League
150,20191207,Everton,Chelsea,https://fbref.com/en/matches/1b69dd66/Everton-Chelsea-December-7-2019-Premier-League
151,20191207,Tottenham,Burnley,https://fbref.com/en/matches/56da163b/Tottenham-Hotspur-Burnley-December-7-2019-Premier-League
152,20191207,Watford,Crystal Palace,https://fbref.com/en/matches/90976b40/Watford-Crystal-Palace-December-7-2019-Premier-League
153,20191207,Bournemouth,Liverpool,https://fbref.com/en/matches/b7f0ca17/Bournemouth-Liverpool-December-7-2019-Premier-League
154,20191207,Manchester City,Manchester Utd,https://fbref.com/en/matches/bf9c0d50/Manchester-Derby-Manchester-City-Manchester-United-December-7-2019-Premier-League
155,20191208,Norwich City,Sheffield Utd,https://fbref.com/en/matches/529b20fa/Norwich-City-Sheffield-United-December-8-2019-Premier-League
156,20191208,Aston Villa,Leicester City,https://fbref.com/en/matches/559e812a/Aston-Villa-Leicester-City-December-8-2019-Premier-League
157,20191208,Newcastle Utd,Southampton,https://fbref.com/en/matches/5d9f7fe3/Newcastle-United-Southampton-December-8-2019-Premier-League
158,20191208,Brighton,Wolves,https://fbref.com/en/matches/daad5806/Brighton-and-Hove-Albion-Wolverhampton-Wanderers-December-8-2019-Premier-League
159,20191209,West Ham,Arsenal,https://fbref.com/en/matches/a48c4638/West-Ham-United-Arsenal-December-9-2019-Premier-League
160,20191214,Liverpool,Watford,https://fbref.com/en/matches/f33bb4b3/Liverpool-Watford-December-14-2019-Premier-League
161,20191214,Leicester City,Norwich City,https://fbref.com/en/matches/3b2eb152/Leicester-City-Norwich-City-December-14-2019-Premier-League
162,20191214,Burnley,Newcastle Utd,https://fbref.com/en/matches/4c3c57fa/Burnley-Newcastle-United-December-14-2019-Premier-League
163,20191214,Sheffield Utd,Aston Villa,https://fbref.com/en/matches/b1b5e590/Sheffield-United-Aston-Villa-December-14-2019-Premier-League
164,20191214,Chelsea,Bournemouth,https://fbref.com/en/matches/b75094e0/Chelsea-Bournemouth-December-14-2019-Premier-League
165,20191214,Southampton,West Ham,https://fbref.com/en/matches/a47901a8/Southampton-West-Ham-United-December-14-2019-Premier-League
166,20191215,Manchester Utd,Everton,https://fbref.com/en/matches/240ac5ad/Manchester-United-Everton-December-15-2019-Premier-League
167,20191215,Wolves,Tottenham,https://fbref.com/en/matches/e9e002fb/Wolverhampton-Wanderers-Tottenham-Hotspur-December-15-2019-Premier-League
168,20191215,Arsenal,Manchester City,https://fbref.com/en/matches/bed05936/Arsenal-Manchester-City-December-15-2019-Premier-League
169,20191216,Crystal Palace,Brighton,https://fbref.com/en/matches/1163ec4a/Crystal-Palace-Brighton-and-Hove-Albion-December-16-2019-Premier-League
170,20191221,Everton,Arsenal,https://fbref.com/en/matches/b9d1d1a7/Everton-Arsenal-December-21-2019-Premier-League
171,20191221,Norwich City,Wolves,https://fbref.com/en/matches/223124ce/Norwich-City-Wolverhampton-Wanderers-December-21-2019-Premier-League
172,20191221,Brighton,Sheffield Utd,https://fbref.com/en/matches/473db5a3/Brighton-and-Hove-Albion-Sheffield-United-December-21-2019-Premier-League
173,20191221,Newcastle Utd,Crystal Palace,https://fbref.com/en/matches/5e599d06/Newcastle-United-Crystal-Palace-December-21-2019-Premier-League
174,20191221,Aston Villa,Southampton,https://fbref.com/en/matches/d50390a8/Aston-Villa-Southampton-December-21-2019-Premier-League
175,20191221,Bournemouth,Burnley,https://fbref.com/en/matches/e8b74ca0/Bournemouth-Burnley-December-21-2019-Premier-League
176,20191221,Manchester City,Leicester City,https://fbref.com/en/matches/733c0243/Manchester-City-Leicester-City-December-21-2019-Premier-League
177,20191222,Watford,Manchester Utd,https://fbref.com/en/matches/a58df282/Watford-Manchester-United-December-22-2019-Premier-League
178,20191222,Tottenham,Chelsea,https://fbref.com/en/matches/a1a20337/Tottenham-Hotspur-Chelsea-December-22-2019-Premier-League
179,20191226,Tottenham,Brighton,https://fbref.com/en/matches/eebe09b9/Tottenham-Hotspur-Brighton-and-Hove-Albion-December-26-2019-Premier-League
180,20191226,Aston Villa,Norwich City,https://fbref.com/en/matches/010301bf/Aston-Villa-Norwich-City-December-26-2019-Premier-League
181,20191226,Crystal Palace,West Ham,https://fbref.com/en/matches/048fa915/Crystal-Palace-West-Ham-United-December-26-2019-Premier-League
182,20191226,Bournemouth,Arsenal,https://fbref.com/en/matches/5b1ecf02/Bournemouth-Arsenal-December-26-2019-Premier-League
183,20191226,Sheffield Utd,Watford,https://fbref.com/en/matches/960ce979/Sheffield-United-Watford-December-26-2019-Premier-League
184,20191226,Everton,Burnley,https://fbref.com/en/matches/b23c6c90/Everton-Burnley-December-26-2019-Premier-League
185,20191226,Chelsea,Southampton,https://fbref.com/en/matches/d9a73d72/Chelsea-Southampton-December-26-2019-Premier-League
186,20191226,Manchester Utd,Newcastle Utd,https://fbref.com/en/matches/b3d5292f/Manchester-United-Newcastle-United-December-26-2019-Premier-League
187,20191226,Leicester City,Liverpool,https://fbref.com/en/matches/4b8063da/Leicester-City-Liverpool-December-26-2019-Premier-League
188,20191227,Wolves,Manchester City,https://fbref.com/en/matches/6defd3a2/Wolverhampton-Wanderers-Manchester-City-December-27-2019-Premier-League
189,20191228,Brighton,Bournemouth,https://fbref.com/en/matches/d7b72d7f/Brighton-and-Hove-Albion-Bournemouth-December-28-2019-Premier-League
190,20191228,Watford,Aston Villa,https://fbref.com/en/matches/36dc1eb8/Watford-Aston-Villa-December-28-2019-Premier-League
191,20191228,Newcastle Utd,Everton,https://fbref.com/en/matches/6edbd555/Newcastle-United-Everton-December-28-2019-Premier-League
192,20191228,Southampton,Crystal Palace,https://fbref.com/en/matches/a8ab1213/Southampton-Crystal-Palace-December-28-2019-Premier-League
193,20191228,West Ham,Leicester City,https://fbref.com/en/matches/1f2bd890/West-Ham-United-Leicester-City-December-28-2019-Premier-League
194,20191228,Norwich City,Tottenham,https://fbref.com/en/matches/a6e8ab71/Norwich-City-Tottenham-Hotspur-December-28-2019-Premier-League
195,20191228,Burnley,Manchester Utd,https://fbref.com/en/matches/f66bbb03/Burnley-Manchester-United-December-28-2019-Premier-League
196,20191229,Arsenal,Chelsea,https://fbref.com/en/matches/850e18c6/North-West-London-Derby-Arsenal-Chelsea-December-29-2019-Premier-League
197,20191229,Liverpool,Wolves,https://fbref.com/en/matches/9892a4f1/Liverpool-Wolverhampton-Wanderers-December-29-2019-Premier-League
198,20191229,Manchester City,Sheffield Utd,https://fbref.com/en/matches/aaada016/Manchester-City-Sheffield-United-December-29-2019-Premier-League
199,20200101,Brighton,Chelsea,https://fbref.com/en/matches/9b72407a/Brighton-and-Hove-Albion-Chelsea-January-1-2020-Premier-League
200,20200101,Burnley,Aston Villa,https://fbref.com/en/matches/ac409026/Burnley-Aston-Villa-January-1-2020-Premier-League
201,20200101,Newcastle Utd,Leicester City,https://fbref.com/en/matches/a7902bb1/Newcastle-United-Leicester-City-January-1-2020-Premier-League
202,20200101,Southampton,Tottenham,https://fbref.com/en/matches/ce2fad1e/Southampton-Tottenham-Hotspur-January-1-2020-Premier-League
203,20200101,Watford,Wolves,https://fbref.com/en/matches/dc2a86e8/Watford-Wolverhampton-Wanderers-January-1-2020-Premier-League
204,20200101,Norwich City,Crystal Palace,https://fbref.com/en/matches/5bbec2c4/Norwich-City-Crystal-Palace-January-1-2020-Premier-League
205,20200101,West Ham,Bournemouth,https://fbref.com/en/matches/9ae01aab/West-Ham-United-Bournemouth-January-1-2020-Premier-League
206,20200101,Manchester City,Everton,https://fbref.com/en/matches/ed58271e/Manchester-City-Everton-January-1-2020-Premier-League
207,20200101,Arsenal,Manchester Utd,https://fbref.com/en/matches/f6b7d570/Arsenal-Manchester-United-January-1-2020-Premier-League
208,20200102,Liverpool,Sheffield Utd,https://fbref.com/en/matches/7fe3382b/Liverpool-Sheffield-United-January-2-2020-Premier-League
209,20200110,Sheffield Utd,West Ham,https://fbref.com/en/matches/c5f47ccb/Sheffield-United-West-Ham-United-January-10-2020-Premier-League
210,20200111,Crystal Palace,Arsenal,https://fbref.com/en/matches/e1fdc1f9/Crystal-Palace-Arsenal-January-11-2020-Premier-League
211,20200111,Chelsea,Burnley,https://fbref.com/en/matches/17a5a8ef/Chelsea-Burnley-January-11-2020-Premier-League
212,20200111,Everton,Brighton,https://fbref.com/en/matches/61cc2ca5/Everton-Brighton-and-Hove-Albion-January-11-2020-Premier-League
213,20200111,Leicester City,Southampton,https://fbref.com/en/matches/bf752bf7/Leicester-City-Southampton-January-11-2020-Premier-League
214,20200111,Wolves,Newcastle Utd,https://fbref.com/en/matches/d5b1eda9/Wolverhampton-Wanderers-Newcastle-United-January-11-2020-Premier-League
215,20200111,Manchester Utd,Norwich City,https://fbref.com/en/matches/db192bf5/Manchester-United-Norwich-City-January-11-2020-Premier-League
216,20200111,Tottenham,Liverpool,https://fbref.com/en/matches/39432697/Tottenham-Hotspur-Liverpool-January-11-2020-Premier-League
217,20200112,Bournemouth,Watford,https://fbref.com/en/matches/76ce7bd8/Bournemouth-Watford-January-12-2020-Premier-League
218,20200112,Aston Villa,Manchester City,https://fbref.com/en/matches/ffb4946c/Aston-Villa-Manchester-City-January-12-2020-Premier-League
219,20200118,Watford,Tottenham,https://fbref.com/en/matches/46697bf6/Watford-Tottenham-Hotspur-January-18-2020-Premier-League
220,20200118,Arsenal,Sheffield Utd,https://fbref.com/en/matches/0333a4b6/Arsenal-Sheffield-United-January-18-2020-Premier-League
221,20200118,Norwich City,Bournemouth,https://fbref.com/en/matches/2550abdc/Norwich-City-Bournemouth-January-18-2020-Premier-League
222,20200118,Manchester City,Crystal Palace,https://fbref.com/en/matches/4572cd0e/Manchester-City-Crystal-Palace-January-18-2020-Premier-League
223,20200118,Southampton,Wolves,https://fbref.com/en/matches/9d6674f8/Southampton-Wolverhampton-Wanderers-January-18-2020-Premier-League
224,20200118,Brighton,Aston Villa,https://fbref.com/en/matches/bd044bad/Brighton-and-Hove-Albion-Aston-Villa-January-18-2020-Premier-League
225,20200118,West Ham,Everton,https://fbref.com/en/matches/d4898eac/West-Ham-United-Everton-January-18-2020-Premier-League
226,20200118,Newcastle Utd,Chelsea,https://fbref.com/en/matches/e5a20f1e/Newcastle-United-Chelsea-January-18-2020-Premier-League
227,20200119,Burnley,Leicester City,https://fbref.com/en/matches/bd102a2b/Burnley-Leicester-City-January-19-2020-Premier-League
228,20200119,Liverpool,Manchester Utd,https://fbref.com/en/matches/d2a888b6/North-West-Derby-Liverpool-Manchester-United-January-19-2020-Premier-League
229,20200121,Crystal Palace,Southampton,https://fbref.com/en/matches/003ce1e3/Crystal-Palace-Southampton-January-21-2020-Premier-League
230,20200121,Everton,Newcastle Utd,https://fbref.com/en/matches/33b8c50a/Everton-Newcastle-United-January-21-2020-Premier-League
231,20200121,Aston Villa,Watford,https://fbref.com/en/matches/3deb145e/Aston-Villa-Watford-January-21-2020-Premier-League
232,20200121,Sheffield Utd,Manchester City,https://fbref.com/en/matches/ae7cb0c2/Sheffield-United-Manchester-City-January-21-2020-Premier-League
233,20200121,Bournemouth,Brighton,https://fbref.com/en/matches/ba03a070/Bournemouth-Brighton-and-Hove-Albion-January-21-2020-Premier-League
234,20200121,Chelsea,Arsenal,https://fbref.com/en/matches/38d058ad/North-West-London-Derby-Chelsea-Arsenal-January-21-2020-Premier-League
235,20200122,Leicester City,West Ham,https://fbref.com/en/matches/354b03ac/Leicester-City-West-Ham-United-January-22-2020-Premier-League
236,20200122,Tottenham,Norwich City,https://fbref.com/en/matches/b36a7b4d/Tottenham-Hotspur-Norwich-City-January-22-2020-Premier-League
237,20200122,Manchester Utd,Burnley,https://fbref.com/en/matches/709e2aa4/Manchester-United-Burnley-January-22-2020-Premier-League
238,20200123,Wolves,Liverpool,https://fbref.com/en/matches/efd768f0/Wolverhampton-Wanderers-Liverpool-January-23-2020-Premier-League
239,20200129,West Ham,Liverpool,https://fbref.com/en/matches/7b057bc1/West-Ham-United-Liverpool-January-29-2020-Premier-League
240,20200201,Leicester City,Chelsea,https://fbref.com/en/matches/270dc7ba/Leicester-City-Chelsea-February-1-2020-Premier-League
241,20200201,West Ham,Brighton,https://fbref.com/en/matches/14d877cc/West-Ham-United-Brighton-and-Hove-Albion-February-1-2020-Premier-League
242,20200201,Watford,Everton,https://fbref.com/en/matches/476d12a9/Watford-Everton-February-1-2020-Premier-League
243,20200201,Crystal Palace,Sheffield Utd,https://fbref.com/en/matches/6b34e6af/Crystal-Palace-Sheffield-United-February-1-2020-Premier-League
244,20200201,Liverpool,Southampton,https://fbref.com/en/matches/ab9e9e23/Liverpool-Southampton-February-1-2020-Premier-League
245,20200201,Bournemouth,Aston Villa,https://fbref.com/en/matches/db21a88a/Bournemouth-Aston-Villa-February-1-2020-Premier-League
246,20200201,Newcastle Utd,Norwich City,https://fbref.com/en/matches/eef415ec/Newcastle-United-Norwich-City-February-1-2020-Premier-League
247,20200201,Manchester Utd,Wolves,https://fbref.com/en/matches/88328013/Manchester-United-Wolverhampton-Wanderers-February-1-2020-Premier-League
248,20200202,Burnley,Arsenal,https://fbref.com/en/matches/a6b40849/Burnley-Arsenal-February-2-2020-Premier-League
249,20200202,Tottenham,Manchester City,https://fbref.com/en/matches/e98d8736/Tottenham-Hotspur-Manchester-City-February-2-2020-Premier-League
250,20200208,Everton,Crystal Palace,https://fbref.com/en/matches/4e620966/Everton-Crystal-Palace-February-8-2020-Premier-League
251,20200208,Brighton,Watford,https://fbref.com/en/matches/111b8b45/Brighton-and-Hove-Albion-Watford-February-8-2020-Premier-League
252,20200209,Sheffield Utd,Bournemouth,https://fbref.com/en/matches/9dbc60d4/Sheffield-United-Bournemouth-February-9-2020-Premier-League
253,20200214,Wolves,Leicester City,https://fbref.com/en/matches/a11273b7/Wolverhampton-Wanderers-Leicester-City-February-14-2020-Premier-League
254,20200215,Southampton,Burnley,https://fbref.com/en/matches/738ade70/Southampton-Burnley-February-15-2020-Premier-League
255,20200215,Norwich City,Liverpool,https://fbref.com/en/matches/9c238122/Norwich-City-Liverpool-February-15-2020-Premier-League
256,20200216,Aston Villa,Tottenham,https://fbref.com/en/matches/ebfe971d/Aston-Villa-Tottenham-Hotspur-February-16-2020-Premier-League
257,20200216,Arsenal,Newcastle Utd,https://fbref.com/en/matches/6ce374b0/Arsenal-Newcastle-United-February-16-2020-Premier-League
258,20200217,Chelsea,Manchester Utd,https://fbref.com/en/matches/2619bcb9/Chelsea-Manchester-United-February-17-2020-Premier-League
259,20200219,Manchester City,West Ham,https://fbref.com/en/matches/bc091e86/Manchester-City-West-Ham-United-February-19-2020-Premier-League
260,20200222,Chelsea,Tottenham,https://fbref.com/en/matches/fdd364a6/Chelsea-Tottenham-Hotspur-February-22-2020-Premier-League
261,20200222,Crystal Palace,Newcastle Utd,https://fbref.com/en/matches/5947b8fb/Crystal-Palace-Newcastle-United-February-22-2020-Premier-League
262,20200222,Southampton,Aston Villa,https://fbref.com/en/matches/66823ac4/Southampton-Aston-Villa-February-22-2020-Premier-League
263,20200222,Burnley,Bournemouth,https://fbref.com/en/matches/bcdc3fb0/Burnley-Bournemouth-February-22-2020-Premier-League
264,20200222,Sheffield Utd,Brighton,https://fbref.com/en/matches/c24b02bd/Sheffield-United-Brighton-and-Hove-Albion-February-22-2020-Premier-League
265,20200222,Leicester City,Manchester City,https://fbref.com/en/matches/4f00e03a/Leicester-City-Manchester-City-February-22-2020-Premier-League
266,20200223,Wolves,Norwich City,https://fbref.com/en/matches/09ec6552/Wolverhampton-Wanderers-Norwich-City-February-23-2020-Premier-League
267,20200223,Manchester Utd,Watford,https://fbref.com/en/matches/835d0c36/Manchester-United-Watford-February-23-2020-Premier-League
268,20200223,Arsenal,Everton,https://fbref.com/en/matches/485003ed/Arsenal-Everton-February-23-2020-Premier-League
269,20200224,Liverpool,West Ham,https://fbref.com/en/matches/3aee1ba7/Liverpool-West-Ham-United-February-24-2020-Premier-League
270,20200228,Norwich City,Leicester City,https://fbref.com/en/matches/8edf3e12/Norwich-City-Leicester-City-February-28-2020-Premier-League
271,20200229,Brighton,Crystal Palace,https://fbref.com/en/matches/aeb979e2/Brighton-and-Hove-Albion-Crystal-Palace-February-29-2020-Premier-League
272,20200229,West Ham,Southampton,https://fbref.com/en/matches/2cb790f2/West-Ham-United-Southampton-February-29-2020-Premier-League
273,20200229,Bournemouth,Chelsea,https://fbref.com/en/matches/57d79762/Bournemouth-Chelsea-February-29-2020-Premier-League
274,20200229,Newcastle Utd,Burnley,https://fbref.com/en/matches/5d623dc0/Newcastle-United-Burnley-February-29-2020-Premier-League
275,20200229,Watford,Liverpool,https://fbref.com/en/matches/4df69c15/Watford-Liverpool-February-29-2020-Premier-League
276,20200301,Tottenham,Wolves,https://fbref.com/en/matches/2475762d/Tottenham-Hotspur-Wolverhampton-Wanderers-March-1-2020-Premier-League
277,20200301,Everton,Manchester Utd,https://fbref.com/en/matches/ea2c2272/Everton-Manchester-United-March-1-2020-Premier-League
278,20200307,Liverpool,Bournemouth,https://fbref.com/en/matches/a24ed8fc/Liverpool-Bournemouth-March-7-2020-Premier-League
279,20200307,Wolves,Brighton,https://fbref.com/en/matches/6a08610e/Wolverhampton-Wanderers-Brighton-and-Hove-Albion-March-7-2020-Premier-League
280,20200307,Crystal Palace,Watford,https://fbref.com/en/matches/7535d777/Crystal-Palace-Watford-March-7-2020-Premier-League
281,20200307,Southampton,Newcastle Utd,https://fbref.com/en/matches/947a04e9/Southampton-Newcastle-United-March-7-2020-Premier-League
282,20200307,Arsenal,West Ham,https://fbref.com/en/matches/bf382825/Arsenal-West-Ham-United-March-7-2020-Premier-League
283,20200307,Sheffield Utd,Norwich City,https://fbref.com/en/matches/fcdf913d/Sheffield-United-Norwich-City-March-7-2020-Premier-League
284,20200307,Burnley,Tottenham,https://fbref.com/en/matches/1b4c17ec/Burnley-Tottenham-Hotspur-March-7-2020-Premier-League
285,20200308,Chelsea,Everton,https://fbref.com/en/matches/c062bff0/Chelsea-Everton-March-8-2020-Premier-League
286,20200308,Manchester Utd,Manchester City,https://fbref.com/en/matches/04416d35/Manchester-Derby-Manchester-United-Manchester-City-March-8-2020-Premier-League
287,20200309,Leicester City,Aston Villa,https://fbref.com/en/matches/76f492dc/Leicester-City-Aston-Villa-March-9-2020-Premier-League
288,20200617,Aston Villa,Sheffield Utd,https://fbref.com/en/matches/18961bf7/Aston-Villa-Sheffield-United-June-17-2020-Premier-League
289,20200617,Manchester City,Arsenal,https://fbref.com/en/matches/5825b217/Manchester-City-Arsenal-June-17-2020-Premier-League
290,20200619,Norwich City,Southampton,https://fbref.com/en/matches/d659cbdf/Norwich-City-Southampton-June-19-2020-Premier-League
291,20200619,Tottenham,Manchester Utd,https://fbref.com/en/matches/973a441a/Tottenham-Hotspur-Manchester-United-June-19-2020-Premier-League
292,20200620,Watford,Leicester City,https://fbref.com/en/matches/e5f403c2/Watford-Leicester-City-June-20-2020-Premier-League
293,20200620,Brighton,Arsenal,https://fbref.com/en/matches/1abcdcde/Brighton-and-Hove-Albion-Arsenal-June-20-2020-Premier-League
294,20200620,West Ham,Wolves,https://fbref.com/en/matches/6ddd148a/West-Ham-United-Wolverhampton-Wanderers-June-20-2020-Premier-League
295,20200620,Bournemouth,Crystal Palace,https://fbref.com/en/matches/c4d88352/Bournemouth-Crystal-Palace-June-20-2020-Premier-League
296,20200621,Newcastle Utd,Sheffield Utd,https://fbref.com/en/matches/4e501da1/Newcastle-United-Sheffield-United-June-21-2020-Premier-League
297,20200621,Aston Villa,Chelsea,https://fbref.com/en/matches/827d4651/Aston-Villa-Chelsea-June-21-2020-Premier-League
298,20200621,Everton,Liverpool,https://fbref.com/en/matches/603174fb/Merseyside-Derby-Everton-Liverpool-June-21-2020-Premier-League
299,20200622,Manchester City,Burnley,https://fbref.com/en/matches/b1d3ebde/Manchester-City-Burnley-June-22-2020-Premier-League
300,20200623,Leicester City,Brighton,https://fbref.com/en/matches/481a9a3a/Leicester-City-Brighton-and-Hove-Albion-June-23-2020-Premier-League
301,20200623,Tottenham,West Ham,https://fbref.com/en/matches/8fc12d99/Tottenham-Hotspur-West-Ham-United-June-23-2020-Premier-League
302,20200624,Norwich City,Everton,https://fbref.com/en/matches/49724d90/Norwich-City-Everton-June-24-2020-Premier-League
303,20200624,Wolves,Bournemouth,https://fbref.com/en/matches/4f61e5af/Wolverhampton-Wanderers-Bournemouth-June-24-2020-Premier-League
304,20200624,Manchester Utd,Sheffield Utd,https://fbref.com/en/matches/54cdce8b/Manchester-United-Sheffield-United-June-24-2020-Premier-League
305,20200624,Newcastle Utd,Aston Villa,https://fbref.com/en/matches/66027e20/Newcastle-United-Aston-Villa-June-24-2020-Premier-League
306,20200624,Liverpool,Crystal Palace,https://fbref.com/en/matches/c486cf76/Liverpool-Crystal-Palace-June-24-2020-Premier-League
307,20200625,Southampton,Arsenal,https://fbref.com/en/matches/38757aa1/Southampton-Arsenal-June-25-2020-Premier-League
308,20200625,Burnley,Watford,https://fbref.com/en/matches/965fbb94/Burnley-Watford-June-25-2020-Premier-League
309,20200625,Chelsea,Manchester City,https://fbref.com/en/matches/bc237647/Chelsea-Manchester-City-June-25-2020-Premier-League
310,20200627,Aston Villa,Wolves,https://fbref.com/en/matches/b4483d72/Aston-Villa-Wolverhampton-Wanderers-June-27-2020-Premier-League
311,20200628,Watford,Southampton,https://fbref.com/en/matches/37720dc3/Watford-Southampton-June-28-2020-Premier-League
312,20200629,Crystal Palace,Burnley,https://fbref.com/en/matches/d7661a5f/Crystal-Palace-Burnley-June-29-2020-Premier-League
313,20200630,Brighton,Manchester Utd,https://fbref.com/en/matches/be321c59/Brighton-and-Hove-Albion-Manchester-United-June-30-2020-Premier-League
314,20200701,Bournemouth,Newcastle Utd,https://fbref.com/en/matches/92aaad57/Bournemouth-Newcastle-United-July-1-2020-Premier-League
315,20200701,Everton,Leicester City,https://fbref.com/en/matches/c2c7ebbf/Everton-Leicester-City-July-1-2020-Premier-League
316,20200701,Arsenal,Norwich City,https://fbref.com/en/matches/cb52b4c8/Arsenal-Norwich-City-July-1-2020-Premier-League
317,20200701,West Ham,Chelsea,https://fbref.com/en/matches/5df18070/West-Ham-United-Chelsea-July-1-2020-Premier-League
318,20200702,Sheffield Utd,Tottenham,https://fbref.com/en/matches/70507f3c/Sheffield-United-Tottenham-Hotspur-July-2-2020-Premier-League
319,20200702,Manchester City,Liverpool,https://fbref.com/en/matches/5dffd237/Manchester-City-Liverpool-July-2-2020-Premier-League
320,20200704,Norwich City,Brighton,https://fbref.com/en/matches/aa3a3540/Norwich-City-Brighton-and-Hove-Albion-July-4-2020-Premier-League
321,20200704,Leicester City,Crystal Palace,https://fbref.com/en/matches/88e800c1/Leicester-City-Crystal-Palace-July-4-2020-Premier-League
322,20200704,Manchester Utd,Bournemouth,https://fbref.com/en/matches/8bed0062/Manchester-United-Bournemouth-July-4-2020-Premier-League
323,20200704,Wolves,Arsenal,https://fbref.com/en/matches/df13ee5b/Wolverhampton-Wanderers-Arsenal-July-4-2020-Premier-League
324,20200704,Chelsea,Watford,https://fbref.com/en/matches/ee7944f1/Chelsea-Watford-July-4-2020-Premier-League
325,20200705,Burnley,Sheffield Utd,https://fbref.com/en/matches/c2378113/Burnley-Sheffield-United-July-5-2020-Premier-League
326,20200705,Newcastle Utd,West Ham,https://fbref.com/en/matches/3d549d43/Newcastle-United-West-Ham-United-July-5-2020-Premier-League
327,20200705,Liverpool,Aston Villa,https://fbref.com/en/matches/c2481cad/Liverpool-Aston-Villa-July-5-2020-Premier-League
328,20200705,Southampton,Manchester City,https://fbref.com/en/matches/260c5c31/Southampton-Manchester-City-July-5-2020-Premier-League
329,20200706,Tottenham,Everton,https://fbref.com/en/matches/ba9fd89a/Tottenham-Hotspur-Everton-July-6-2020-Premier-League
330,20200707,Crystal Palace,Chelsea,https://fbref.com/en/matches/61407f3d/Crystal-Palace-Chelsea-July-7-2020-Premier-League
331,20200707,Watford,Norwich City,https://fbref.com/en/matches/7e51a0cb/Watford-Norwich-City-July-7-2020-Premier-League
332,20200707,Arsenal,Leicester City,https://fbref.com/en/matches/a26b0a22/Arsenal-Leicester-City-July-7-2020-Premier-League
333,20200708,Manchester City,Newcastle Utd,https://fbref.com/en/matches/426dcb15/Manchester-City-Newcastle-United-July-8-2020-Premier-League
334,20200708,West Ham,Burnley,https://fbref.com/en/matches/5c57bea6/West-Ham-United-Burnley-July-8-2020-Premier-League
335,20200708,Sheffield Utd,Wolves,https://fbref.com/en/matches/f898c8ea/Sheffield-United-Wolverhampton-Wanderers-July-8-2020-Premier-League
336,20200708,Brighton,Liverpool,https://fbref.com/en/matches/3296482a/Brighton-and-Hove-Albion-Liverpool-July-8-2020-Premier-League
337,20200709,Everton,Southampton,https://fbref.com/en/matches/1357ee3b/Everton-Southampton-July-9-2020-Premier-League
338,20200709,Bournemouth,Tottenham,https://fbref.com/en/matches/1d9de580/Bournemouth-Tottenham-Hotspur-July-9-2020-Premier-League
339,20200709,Aston Villa,Manchester Utd,https://fbref.com/en/matches/61422f26/Aston-Villa-Manchester-United-July-9-2020-Premier-League
340,20200711,Norwich City,West Ham,https://fbref.com/en/matches/1f633005/Norwich-City-West-Ham-United-July-11-2020-Premier-League
341,20200711,Watford,Newcastle Utd,https://fbref.com/en/matches/ae59ff28/Watford-Newcastle-United-July-11-2020-Premier-League
342,20200711,Liverpool,Burnley,https://fbref.com/en/matches/267d7e78/Liverpool-Burnley-July-11-2020-Premier-League
343,20200711,Sheffield Utd,Chelsea,https://fbref.com/en/matches/3f83499d/Sheffield-United-Chelsea-July-11-2020-Premier-League
344,20200711,Brighton,Manchester City,https://fbref.com/en/matches/a24d3d6b/Brighton-and-Hove-Albion-Manchester-City-July-11-2020-Premier-League
345,20200712,Wolves,Everton,https://fbref.com/en/matches/476e8583/Wolverhampton-Wanderers-Everton-July-12-2020-Premier-League
346,20200712,Aston Villa,Crystal Palace,https://fbref.com/en/matches/b30bf2e8/Aston-Villa-Crystal-Palace-July-12-2020-Premier-League
347,20200712,Tottenham,Arsenal,https://fbref.com/en/matches/6630c721/North-London-Derby-Tottenham-Hotspur-Arsenal-July-12-2020-Premier-League
348,20200712,Bournemouth,Leicester City,https://fbref.com/en/matches/d2adf574/Bournemouth-Leicester-City-July-12-2020-Premier-League
349,20200713,Manchester Utd,Southampton,https://fbref.com/en/matches/668c9423/Manchester-United-Southampton-July-13-2020-Premier-League
350,20200714,Chelsea,Norwich City,https://fbref.com/en/matches/88d08b7b/Chelsea-Norwich-City-July-14-2020-Premier-League
351,20200715,Newcastle Utd,Tottenham,https://fbref.com/en/matches/21cbea56/Newcastle-United-Tottenham-Hotspur-July-15-2020-Premier-League
352,20200715,Burnley,Wolves,https://fbref.com/en/matches/a7c5d31f/Burnley-Wolverhampton-Wanderers-July-15-2020-Premier-League
353,20200715,Manchester City,Bournemouth,https://fbref.com/en/matches/eff6988f/Manchester-City-Bournemouth-July-15-2020-Premier-League
354,20200715,Arsenal,Liverpool,https://fbref.com/en/matches/12f95828/Arsenal-Liverpool-July-15-2020-Premier-League
355,20200716,Leicester City,Sheffield Utd,https://fbref.com/en/matches/0903cee0/Leicester-City-Sheffield-United-July-16-2020-Premier-League
356,20200716,Everton,Aston Villa,https://fbref.com/en/matches/f855bc55/Everton-Aston-Villa-July-16-2020-Premier-League
357,20200716,Crystal Palace,Manchester Utd,https://fbref.com/en/matches/69a16f9d/Crystal-Palace-Manchester-United-July-16-2020-Premier-League
358,20200716,Southampton,Brighton,https://fbref.com/en/matches/793f900e/Southampton-Brighton-and-Hove-Albion-July-16-2020-Premier-League
359,20200717,West Ham,Watford,https://fbref.com/en/matches/249bbdaa/West-Ham-United-Watford-July-17-2020-Premier-League
360,20200718,Norwich City,Burnley,https://fbref.com/en/matches/9594e0b4/Norwich-City-Burnley-July-18-2020-Premier-League
361,20200719,Bournemouth,Southampton,https://fbref.com/en/matches/bbd4160f/Bournemouth-Southampton-July-19-2020-Premier-League
362,20200719,Tottenham,Leicester City,https://fbref.com/en/matches/d4ce66f6/Tottenham-Hotspur-Leicester-City-July-19-2020-Premier-League
363,20200720,Brighton,Newcastle Utd,https://fbref.com/en/matches/9defdd38/Brighton-and-Hove-Albion-Newcastle-United-July-20-2020-Premier-League
364,20200720,Sheffield Utd,Everton,https://fbref.com/en/matches/d2e788d0/Sheffield-United-Everton-July-20-2020-Premier-League
365,20200720,Wolves,Crystal Palace,https://fbref.com/en/matches/70598e52/Wolverhampton-Wanderers-Crystal-Palace-July-20-2020-Premier-League
366,20200721,Watford,Manchester City,https://fbref.com/en/matches/9979847f/Watford-Manchester-City-July-21-2020-Premier-League
367,20200721,Aston Villa,Arsenal,https://fbref.com/en/matches/ca0b21bc/Aston-Villa-Arsenal-July-21-2020-Premier-League
368,20200722,Manchester Utd,West Ham,https://fbref.com/en/matches/bf25e016/Manchester-United-West-Ham-United-July-22-2020-Premier-League
369,20200722,Liverpool,Chelsea,https://fbref.com/en/matches/a80ba6fe/Liverpool-Chelsea-July-22-2020-Premier-League
370,20200726,Everton,Bournemouth,https://fbref.com/en/matches/2a3b8f05/Everton-Bournemouth-July-26-2020-Premier-League
371,20200726,Leicester City,Manchester Utd,https://fbref.com/en/matches/3873cc78/Leicester-City-Manchester-United-July-26-2020-Premier-League
372,20200726,Southampton,Sheffield Utd,https://fbref.com/en/matches/3e5b45b7/Southampton-Sheffield-United-July-26-2020-Premier-League
373,20200726,Arsenal,Watford,https://fbref.com/en/matches/5ecaeb4b/Arsenal-Watford-July-26-2020-Premier-League
374,20200726,Crystal Palace,Tottenham,https://fbref.com/en/matches/61616d45/Crystal-Palace-Tottenham-Hotspur-July-26-2020-Premier-League
375,20200726,Manchester City,Norwich City,https://fbref.com/en/matches/9099d1e5/Manchester-City-Norwich-City-July-26-2020-Premier-League
376,20200726,Chelsea,Wolves,https://fbref.com/en/matches/9cca4ba0/Chelsea-Wolverhampton-Wanderers-July-26-2020-Premier-League
377,20200726,West Ham,Aston Villa,https://fbref.com/en/matches/a3f59c8e/West-Ham-United-Aston-Villa-July-26-2020-Premier-League
378,20200726,Newcastle Utd,Liverpool,https://fbref.com/en/matches/b6b1209d/Newcastle-United-Liverpool-July-26-2020-Premier-League
379,20200726,Burnley,Brighton,https://fbref.com/en/matches/d4360fcd/Burnley-Brighton-and-Hove-Albion-July-26-2020-Premier-League
